Kernel Results,  
ID, Time (ms)
1,1.67645
2,1.64189
3,1.66451
4,1.68394
5,1.67718
6,1.63504
7,1.68448
8,1.70947
9,1.70266
10,2.12064
Total (ms), Average (ms) 
17.1963,1.71963