Kernel Results,  
ID, Time (ms)
1,4.61146
2,4.61478
3,4.65648
4,4.59405
5,4.64195
6,4.68442
7,4.64854
8,4.71254
9,4.5615
10,4.6431
Total (ms), Average (ms) 
46.3688,4.63688