Kernel Results,  
ID, Time (ms)
1,5.20378
2,5.20528
3,5.18352
4,5.18928
5,5.22115
6,5.2584
7,5.23926
8,5.2377
9,5.25453
10,5.29907
Total (ms), Average (ms) 
52.292,5.2292